id,dni,nombre,apellido,email,fechaNacimiento
1,30520872,Juan,Perez,juan.perez1@example.com,1981-01-01
2,31137302,Ana,Gomez,ana.gomez2@example.com,1982-02-02
3,31753732,Luis,Lopez,luis.lopez3@example.com,1983-03-03
4,32370162,Maria,Garcia,maria.garcia4@example.com,1984-04-04
5,32986592,Pedro,Martinez,pedro.martinez5@example.com,1985-05-05
6,33603022,Lucia,Rodriguez,lucia.rodriguez6@example.com,1986-06-06
7,34219452,Carlos,Hernandez,carlos.hernandez7@example.com,1987-07-07
8,34835882,Sofia,Sanchez,sofia.sanchez8@example.com,1988-08-08
9,35452312,Diego,Diaz,diego.diaz9@example.com,1989-09-09
10,36068742,Valentina,Fernandez,valentina.fernandez10@example.com,1990-10-10
11,36685172,Martin,Alvarez,martin.alvarez11@example.com,1991-11-11
12,37301602,Camila,Torres,camila.torres12@example.com,1992-12-12
13,37918032,Pablo,Romero,pablo.romero13@example.com,1993-01-13
14,38534462,Laura,Ruiz,laura.ruiz14@example.com,1994-02-14
15,39150892,Nicolas,Ortega,nicolas.ortega15@example.com,1995-03-15
16,39767322,Florencia,Silva,florencia.silva16@example.com,1996-04-16
17,40373754,Tomas,Ramos,tomas.ramos17@example.com,1997-05-17
18,40990184,Julieta,Castro,julieta.castro18@example.com,1998-06-18
19,41606614,Gonzalo,Molina,gonzalo.molina19@example.com,1999-07-19
20,42223044,Daniela,Delgado,daniela.delgado20@example.com,2000-08-20
21,42839474,Juan,Perez,juan.perez21@example.com,2001-09-21
22,43455904,Ana,Gomez,ana.gomez22@example.com,2002-10-22
23,44072334,Luis,Lopez,luis.lopez23@example.com,2003-11-23
24,44688764,Maria,Garcia,maria.garcia24@example.com,2004-12-24
25,29904467,Pedro,Martinez,pedro.martinez25@example.com,1980-01-25
26,30520897,Lucia,Rodriguez,lucia.rodriguez26@example.com,1981-02-26
27,31137327,Carlos,Hernandez,carlos.hernandez27@example.com,1982-03-27
28,31753757,Sofia,Sanchez,sofia.sanchez28@example.com,1983-04-28
29,32370187,Diego,Diaz,diego.diaz29@example.com,1984-05-01
30,32986617,Valentina,Fernandez,valentina.fernandez30@example.com,1985-06-02
31,33603047,Martin,Alvarez,martin.alvarez31@example.com,1986-07-03
32,34219477,Camila,Torres,camila.torres32@example.com,1987-08-04
33,34835907,Pablo,Romero,pablo.romero33@example.com,1988-09-05
34,35452337,Laura,Ruiz,laura.ruiz34@example.com,1989-10-06
35,36068767,Nicolas,Ortega,nicolas.ortega35@example.com,1990-11-07
36,36685197,Florencia,Silva,florencia.silva36@example.com,1991-12-08
37,37301627,Tomas,Ramos,tomas.ramos37@example.com,1992-01-09
38,37918057,Julieta,Castro,julieta.castro38@example.com,1993-02-10
39,38534487,Gonzalo,Molina,gonzalo.molina39@example.com,1994-03-11
40,39150917,Daniela,Delgado,daniela.delgado40@example.com,1995-04-12
41,39767347,Juan,Perez,juan.perez41@example.com,1996-05-13
42,40373779,Ana,Gomez,ana.gomez42@example.com,1997-06-14
43,40990209,Luis,Lopez,luis.lopez43@example.com,1998-07-15
44,41606639,Maria,Garcia,maria.garcia44@example.com,1999-08-16
45,42223069,Pedro,Martinez,pedro.martinez45@example.com,2000-09-17
46,42839499,Lucia,Rodriguez,lucia.rodriguez46@example.com,2001-10-18
47,43455929,Carlos,Hernandez,carlos.hernandez47@example.com,2002-11-19
48,44072359,Sofia,Sanchez,sofia.sanchez48@example.com,2003-12-20
49,44688789,Diego,Diaz,diego.diaz49@example.com,2004-01-21
50,29904492,Valentina,Fernandez,valentina.fernandez50@example.com,1980-02-22
51,30520922,Martin,Alvarez,martin.alvarez51@example.com,1981-03-23
52,31137352,Camila,Torres,camila.torres52@example.com,1982-04-24
53,31753782,Pablo,Romero,pablo.romero53@example.com,1983-05-25
54,32370212,Laura,Ruiz,laura.ruiz54@example.com,1984-06-26
55,32986642,Nicolas,Ortega,nicolas.ortega55@example.com,1985-07-27
56,33603072,Florencia,Silva,florencia.silva56@example.com,1986-08-28
57,34219502,Tomas,Ramos,tomas.ramos57@example.com,1987-09-01
58,34835932,Julieta,Castro,julieta.castro58@example.com,1988-10-02
59,35452362,Gonzalo,Molina,gonzalo.molina59@example.com,1989-11-03
60,36068792,Daniela,Delgado,daniela.delgado60@example.com,1990-12-04
61,36685222,Juan,Perez,juan.perez61@example.com,1991-01-05
62,37301652,Ana,Gomez,ana.gomez62@example.com,1992-02-06
63,37918082,Luis,Lopez,luis.lopez63@example.com,1993-03-07
64,38534512,Maria,Garcia,maria.garcia64@example.com,1994-04-08
65,39150942,Pedro,Martinez,pedro.martinez65@example.com,1995-05-09
66,39767372,Lucia,Rodriguez,lucia.rodriguez66@example.com,1996-06-10
67,40373804,Carlos,Hernandez,carlos.hernandez67@example.com,1997-07-11
68,40990234,Sofia,Sanchez,sofia.sanchez68@example.com,1998-08-12
69,41606664,Diego,Diaz,diego.diaz69@example.com,1999-09-13
70,42223094,Valentina,Fernandez,valentina.fernandez70@example.com,2000-10-14
71,42839524,Martin,Alvarez,martin.alvarez71@example.com,2001-11-15
72,43455954,Camila,Torres,camila.torres72@example.com,2002-12-16
73,44072384,Pablo,Romero,pablo.romero73@example.com,2003-01-17
74,44688814,Laura,Ruiz,laura.ruiz74@example.com,2004-02-18
75,29904517,Nicolas,Ortega,nicolas.ortega75@example.com,1980-03-19
76,30520947,Florencia,Silva,florencia.silva76@example.com,1981-04-20
77,31137377,Tomas,Ramos,tomas.ramos77@example.com,1982-05-21
78,31753807,Julieta,Castro,julieta.castro78@example.com,1983-06-22
79,32370237,Gonzalo,Molina,gonzalo.molina79@example.com,1984-07-23
80,32986667,Daniela,Delgado,daniela.delgado80@example.com,1985-08-24
81,33603097,Juan,Perez,juan.perez81@example.com,1986-09-25
82,34219527,Ana,Gomez,ana.gomez82@example.com,1987-10-26
83,34835957,Luis,Lopez,luis.lopez83@example.com,1988-11-27
84,35452387,Maria,Garcia,maria.garcia84@example.com,1989-12-28
85,36068817,Pedro,Martinez,pedro.martinez85@example.com,1990-01-01
86,36685247,Lucia,Rodriguez,lucia.rodriguez86@example.com,1991-02-02
87,37301677,Carlos,Hernandez,carlos.hernandez87@example.com,1992-03-03
88,37918107,Sofia,Sanchez,sofia.sanchez88@example.com,1993-04-04
89,38534537,Diego,Diaz,diego.diaz89@example.com,1994-05-05
90,39150967,Valentina,Fernandez,valentina.fernandez90@example.com,1995-06-06
91,39767397,Martin,Alvarez,martin.alvarez91@example.com,1996-07-07
92,40373829,Camila,Torres,camila.torres92@example.com,1997-08-08
93,40990259,Pablo,Romero,pablo.romero93@example.com,1998-09-09
94,41606689,Laura,Ruiz,laura.ruiz94@example.com,1999-10-10
95,42223119,Nicolas,Ortega,nicolas.ortega95@example.com,2000-11-11
96,42839549,Florencia,Silva,florencia.silva96@example.com,2001-12-12
97,43455979,Tomas,Ramos,tomas.ramos97@example.com,2002-01-13
98,44072409,Julieta,Castro,julieta.castro98@example.com,2003-02-14
99,44688839,Gonzalo,Molina,gonzalo.molina99@example.com,2004-03-15
100,29904542,Daniela,Delgado,daniela.delgado100@example.com,1980-04-16